{
  "project_info": {
    "project_number": "619157816365",
    "project_id": "recipemanager-1ae96",
    "storage_bucket": "recipemanager-1ae96.firebasestorage.app"
  },
  "client": [
    {
      "client_info": {
        "mobilesdk_app_id": "1:619157816365:android:a76baeb7c25bd386f0a4a4",
        "android_client_info": {
          "package_name": "com.example.recipemanager"
        }
      },
      "oauth_client": [],
      "api_key": [
        {
          "current_key": "AIzaSyDWEeYgi3MdqQdGlwKFjQgI7wHObcuU_kA"
        }
      ],
      "services": {
        "appinvite_service": {
          "other_platform_oauth_client": []
        }
      }
    }
  ],
  "configuration_version": "1"
}